Tiernan,Patrick,AUS
Farrell,Tom,GBR
Kaya,Ali,TUR
Robinson,Brett,AUS
Ahmed,Mohammed,CAN
Balew,Birhanu,BRN
Leitao,Romario,STP
Al-Amri,Tariq Ahmed,KSA
Tewelde,Hiskel,ERI
Chelimo,Paul Kipkemoi,USA
Osman,Abrar,ERI
Gebremeskel,Dejen,ETH
Mechaal,Adel,ESP
Edris,Muktar,ETH
Butchart,Andrew,GBR
Bouqantar,Soufiyan,MAR
Koech,Isiah Kiplangat,KEN
Abadia,Antonio,ESP
Chitsala,Kefasi,MAW
Gelant,Elroy,RSA
Kipyeko,Phillip,UGA
Aouad,Zouhair,BRN
Orth,Florian,GER
Torrence,David,PER
Osako,Suguru,JPN
San,NAING San Naing,MYA
Bruchet,Lucas,CAN
Fifa,Illias,ESP
Farah,Mohamed,GBR
Gebrhiwet,Hagos,ETH
Lagat,Bernard,USA
Abdi,Bashir,BEL
Nkhasi,Namakoe,LES
Cheptegei,Joshua Kiprui,UGA
Ibrahimov,Hayle,AZE
Rimal,Hari Kumar,NEP
Irabaruta,Olivier,BDI
Mead,Hassan,USA
Murayama,Kota,JPN
Essalhi,Younes,MAR
Ringer,Richard,GER
Campbell,Kemoy,JAM
Ndiku,Caleb Mwangangi,KEN
Rop,Albert Kibichii,BRN
Kifle,Aron,ERI
Alotaibi,Mukhlid,KSA
Muneria,Charles Yosei,KEN
Siosi,Rosefelo,SOL
Mohamed,Mohamed Daud,SOM
Kiplimo,Jacob,UGA
