Last,First,Country,Gender
Abadia,Antonio,ESP,M
Abdi,Bashir,BEL,M
Abdulkadir,Dalila,BRN,M
Abera,Tesfaye,ETH,M
Abraham,Tadesse,SUI,M
Abu,DRAIS Methkal,JOR,M
Adams,Liam,AUS,M
Ahmed,Mohammed,CAN,M
Al-Amri,Tariq Ahmed,KSA,M
Ali,TAHER Bibiro,CHA,M
Alice,Beatrice Kamuchanga,COD,M
Almachi,Miguel Angel,ECU,M
Alotaibi,Mukhlid,KSA,M
Amlosom,Nguse,ERI,M
Andrews,Jessica,GBR,M
Aouad,Zouhair,BRN,M
April,Lusapho,RSA,M
Aravena,Victor,CHI,M
Arikan,Polat Kemboi,TUR,M
Ayala,Derlys,PAR,M
Ayana,Almaz,ETH,M
Balew,Birhanu,BRN,M
Barkowet,Evans Kiplagat,AZE,M
Bat-Ochir,Ser-Od,MGL,M
Bekele,Alemu,BRN,M
Belete,Mimi,BRN,M
Berhanu,Lemi,ETH,M
Biwott,Stanley Kipleting,KEN,M
Bouqantar,Soufiyan,MAR,M
Bruchet,Lucas,CAN,M
Bruno,Federico,ARG,M
Burka,Gelete,ETH,M
Butchart,Andrew,GBR,M
Caelen,Florent,BEL,M
Campbell,Kemoy,JAM,M
Can,Yasemin,TUR,M
Carton,Louise,BEL,M
Carver,David,MRI,M
Castelblanco,Jorge,PAN,M
Castillejo,Carles,ESP,M
Chani,Hassan,BRN,M
Chekwel,Juliet,UGA,M
Chelimo,Paul Kipkemoi,USA,M
Cheptegei,Joshua Kiprui,UGA,M
Cheroben,Abraham Naibei,BRN,M
Cherono,Mercy,KEN,M
Cheruiyot,Vivian Jepkemoi,KEN,M
Chesang,Stella,UGA,M
Chipangama,Jordan,ZAM,M
Chitsala,Kefasi,MAW,M
Clohissey,Mick,IRL,M
Colorado,Diego,COL,M
Conley,Kim,USA,M
Coolsaet,Reid,CAN,M
Cooray,Anuradha Indrajith,SRI,M
Csere,Gaspar,HUN,M
Cuestas,Nicolas,URU,M
Cuestas,Martin Esteban,URU,M
D'Agostino,Abbey,USA,M
Dambadarjaa,Gantulga,MGL,M
Demelash,Yigrem,ETH,M
Dibaba,Tirunesh,ETH,M
Dong,Guojian,CHN,M
Dopolskas,Valdas,LTU,M
Edris,Muktar,ETH,M
El,HISSOUF Abdelmajid,MAR,M
Elabbassi,El Hassan,BRN,M
Espana,Jesus,ESP,M
Essalhi,Younes,MAR,M
Estifanos,Tewelde,ERI,M
Estrada,Daniel,CHI,M
Farah,Mohamed,GBR,M
Farrell,Tom,GBR,M
Fifa,Illias,ESP,M
Firisua,Sharon,SOL,M
Flores,Brenda,MEX,M
Flugel,Julian,GER,M
Fosti,Roman,EST,M
Gala,Mumin,DJI,M
Garcia,Jose Amado,GUA,M
Gebre,Trihas,ESP,M
Gebremeskel,Dejen,ETH,M
Gebrhiwet,Hagos,ETH,M
Gelant,Elroy,RSA,M
Ghebreslassie,Ghirmay,ERI,M
Gillis,Eric,CAN,M
Giraldo,Gerald,COL,M
Gongqa,Lungile,RSA,M
Gopi,Thanackal,IND,M
Grovdal,Karoline Bjerkeli,NOR,M
Guadie,Ageze,ISR,M
Hadis,Abadi,ETH,M
Hall,Marielle,USA,M
Hamblin,Nikki,NZL,M
Hamidova,Sitora,UZB,M
Hawkins,Callum,GBR,M
Hawkins,Derek,GBR,M
Heiner,HILLS Madeline,AUS,M
Ho,Chin-Ping,TPE,M
Hosni,Wissem,TUN,M
Houlihan,Shelby,USA,M
Hrezi,Mohamed,LBA,M
Huddle,Molly,USA,M
Ibrahimov,Hayle,AZE,M
Infeld,Emily,USA,M
Inglese,Veronica,ITA,M
Ionescu,Marius,ROU,M
Irabaruta,Olivier,BDI,M
Ishikawa,Suehiro,JPN,M
Jami,Segundo,ECU,M
Joseph,Fabiano,TAN,M
Jozsa,Gabor,HUN,M
Juwawo,Wirimai,ZIM,M
Kalomiris,Michael,GRE,M
Kamworor,Geoffrey Kipsang,KEN,M
Kancys,Remigijus,LTU,M
Karayel,Bekir,TUR,M
Kawanivi,Mynhardt Mbeumuna,NAM,M
Kaya,Ali,TUR,M
Keflezighi,Mebrahtom,USA,M
Kharazishvili,Daviti,GEO,M
Kifle,Aron,ERI,M
Kifle,Goitom,ERI,M
Kinde,Yonas,ROT,M
Kipchirchir,Shadrack,USA,M
Kipchoge,Eliud,KEN,M
Kiplimo,Jacob,UGA,M
Kiprop,Jackson,UGA,M
Kiprotich,Stephen,UGA,M
Kipyeko,Phillip,UGA,M
Kisri,Rachid,MAR,M
Kitajima,Hisanori,JPN,M
Koech,Isiah Kiplangat,KEN,M
Korir,Leonard Essau,USA,M
Korir,Wesley,KEN,M
Korir,Isaac,BRN,M
Kosmac,Anton,SLO,M
Kozlowski,Artur,POL,M
Krassilov,Mihail,KAZ,M
Kreienbuhl,Christian,SUI,M
Kuijken,Susan,NED,M
Kurong,Moses Martin,UGA,M
Laameche,El Hadi,ALG,M
Lacaze,Genevieve,AUS,M
Lagat,Bernard,USA,M
Lahti,Sarah,SWE,M
Leitao,Romario,STP,M
Lilesa,Feyisa,ETH,M
Machacuay,Raul,PER,M
Makorobondo,Kamongwa Salukombo,COD,M
Makula,Saidi Juma,TAN,M
Marchant,Lanni,CAN,M
Marial,Guor,SSD,M
Maslova,Darya,KGZ,M
Mastromarino,Mariano,ARG,M
Mathibelle,Tsepo,LES,M
Mead,Hassan,USA,M
Mechaal,Adel,ESP,M
Merousis,Hristoforos,GRE,M
Mesel,Amanuel,ERI,M
Meucci,Daniele,ITA,M
Millington,Ross,GBR,M
Moen,Sondre Nordstad,NOR,M
Mohamed,Mohamed Daud,SOM,M
Mohammed,Alia Saeed,UAE,M
Mokoka,Stephen,RSA,M
Molina,Luis Ariel,ARG,M
Moogas,Tasama,ISR,M
Moradi,Mohammadjafar,IRI,M
Muchiri,Bedan Karoki,KEN,M
Muneria,Charles Yosei,KEN,M
Murayama,Kota,JPN,M
Muslu,Ercan,TUR,M
Mutai,Munyo Solomon,UGA,M
Naert,Koen,BEL,M
Nageeye,Abdi,NED,M
Nawowuna,Alice Aprot,KEN,M
Ndhlovu,Pardon,ZIM,M
Ndiku,Caleb Mwangangi,KEN,M
Nihorimbere,Celestin,BDI,M
Niyonkuru,Abraham,BDI,M
Nkhasi,Namakoe,LES,M
Nkoka,Lebenya,LES,M
Nukuri,Diane,BDI,M
Nurme,Tiidrek,EST,M
Nyasango,Cuthbert,ZIM,M
Nyirarukundo,Salome,RWA,M
Nzima,Sibusiso,RSA,M
O'Connell,Jessica,CAN,M
Obiri,Hellen Onsando,KEN,M
Olefirenko,Ihor,UKR,M
Oliver,Lucy,NZL,M
Onishi,Misaki,JPN,M
Orta,Luis Alberto,VEN,M
Orth,Florian,GER,M
Osako,Suguru,JPN,M
Osman,Abrar,ERI,M
Ostos,Luis,PER,M
Ozbilen,Kaan Kigen,TUR,M
Pacheco,Cristhian,PER,M
Pacheco,Raul,PER,M
Pak,Chol,PRK,M
Pappas,Alexi,GRE,M
Paula,Paulo Roberto,BRA,M
Pavey,Joanne,GBR,M
Perez,Richer,CUB,M
Pertile,Ruggero,ITA,M
Petrov,Andrey,UZB,M
Pflieger,Philipp,GER,M
Piedra,Bayron,ECU,M
Pollock,Paul,IRL,M
Potter,Beth,GBR,M
Pramau,Uladzislau,BLR,M
Prodius,Roman,MDA,M
Rahautsou,Stsiapan,BLR,M
Ram,Kheta,IND,M
Ramos,Ricardo,MEX,M
Ribas,Ricardo,POR,M
Rimal,Hari Kumar,NEP,M
Ringer,Richard,GER,M
Risticevic,Andjelko,SRB,M
Robertson,Zane,NZL,M
Robinson,Brett,AUS,M
Rocha,Carla Salome,POR,M
Romero,Marisol,MEX,M
Rop,Albert Kibichii,BRN,M
Ruiz,Andres,COL,M
Rupp,Galen,USA,M
Russ,Ihor,UKR,M
Saad,Atef,TUN,M
Sadi,Hakim,ALG,M
Saina,Betsy,KEN,M
San,NAING San Naing,MYA,M
Sasaki,Satoru,JPN,M
Scott,Dominique,RSA,M
Seaward,Kevin,IRL,M
Seccafien,Andrea,CAN,M
Sekine,Hanami,JPN,M
Shegumo,Yared,POL,M
Shelley,Michael,AUS,M
Shim,Jungsub,KOR,M
Shitara,Yuta,JPN,M
Silva,Rui Pedro,POR,M
Simbu,Alphonce Felix,TAN,M
Singh,Nitendra,IND,M
Siosi,Rosefelo,SOL,M
Sitkovskyy,Oleksandr,UKR,M
Soare,Nicolae-Alexandru,ROU,M
Son,Myeongjun,KOR,M
Srisung,Boonthung,THA,M
St,LAWRENCE Ben,AUS,M
Suzuki,Ayuko,JPN,M
Szost,Henryk,POL,M
Tadese,Zersenay,ERI,M
Takashima,Yuka,JPN,M
Takizaki,Kuniaki,CAM,M
Tanui,Paul Kipngetich,KEN,M
Teferi,Senbere,ETH,M
Teferi,Maru,ISR,M
Tewelde,Hiskel,ERI,M
Tewelde,Tsegai,GBR,M
Tiapkin,Ilya,KGZ,M
Tiernan,Patrick,AUS,M
Tola,Tamirat,ETH,M
Toroitich,Timothy,UGA,M
Torrence,David,PER,M
Trujillo,Juan Carlos,GUA,M
Tseveenravdan,Byambajav,MGL,M
Tunguskova,Ekaterina,UZB,M
Twell,Stephanie,GBR,M
Uehara,Miyuki,JPN,M
Ulad,Abdi Hakin,DEN,M
Uwiragiye,Ambroise,RWA,M
Vargas,Daniel,MEX,M
Vastenburg,Jip,NED,M
Vernon,Andrew,GBR,M
Ward,Jared,USA,M
Wellings,Eloise,AUS,M
Wenth,Jennifer,AUT,M
Westcott,Scott,AUS,M
Whittle,Laura,GBR,M
Wodak,Natasha,CAN,M
Yanez,Enzo,CHI,M
Yeshaneh,Ababel,ETH,M
Zamora,Ernesto Andres,URU,M
Zhu,Renxue,CHN,M
